filename,schedule_time,title,description
Nature (1000).mp4,2025-05-27 19:41:13,Reel 1,Automatically scheduled reel number 1
Nature (901).mp4,2025-05-28 19:41:13,Reel 2,Automatically scheduled reel number 2
Nature (902).mp4,2025-05-29 19:41:13,Reel 3,Automatically scheduled reel number 3
Nature (903).mp4,2025-05-30 19:41:13,Reel 4,Automatically scheduled reel number 4
Nature (904).mp4,2025-05-31 19:41:13,Reel 5,Automatically scheduled reel number 5
Nature (905).mp4,2025-06-01 19:41:13,Reel 6,Automatically scheduled reel number 6
Nature (906).mp4,2025-06-02 19:41:13,Reel 7,Automatically scheduled reel number 7
Nature (907).mp4,2025-06-03 19:41:13,Reel 8,Automatically scheduled reel number 8
Nature (908).mp4,2025-06-04 19:41:13,Reel 9,Automatically scheduled reel number 9
Nature (909).mp4,2025-06-05 19:41:13,Reel 10,Automatically scheduled reel number 10
Nature (910).mp4,2025-06-06 19:41:13,Reel 11,Automatically scheduled reel number 11
Nature (911).mp4,2025-06-07 19:41:13,Reel 12,Automatically scheduled reel number 12
Nature (912).mp4,2025-06-08 19:41:13,Reel 13,Automatically scheduled reel number 13
Nature (913).mp4,2025-06-09 19:41:13,Reel 14,Automatically scheduled reel number 14
Nature (914).mp4,2025-06-10 19:41:13,Reel 15,Automatically scheduled reel number 15
Nature (915).mp4,2025-06-11 19:41:13,Reel 16,Automatically scheduled reel number 16
Nature (916).mp4,2025-06-12 19:41:13,Reel 17,Automatically scheduled reel number 17
Nature (917).mp4,2025-06-13 19:41:13,Reel 18,Automatically scheduled reel number 18
Nature (918).mp4,2025-06-14 19:41:13,Reel 19,Automatically scheduled reel number 19
Nature (919).mp4,2025-06-15 19:41:13,Reel 20,Automatically scheduled reel number 20
Nature (920).mp4,2025-06-16 19:41:13,Reel 21,Automatically scheduled reel number 21
Nature (921).mp4,2025-06-17 19:41:13,Reel 22,Automatically scheduled reel number 22
Nature (922).mp4,2025-06-18 19:41:13,Reel 23,Automatically scheduled reel number 23
Nature (923).mp4,2025-06-19 19:41:13,Reel 24,Automatically scheduled reel number 24
Nature (924).mp4,2025-06-20 19:41:13,Reel 25,Automatically scheduled reel number 25
Nature (925).mp4,2025-06-21 19:41:13,Reel 26,Automatically scheduled reel number 26
Nature (926).mp4,2025-06-22 19:41:13,Reel 27,Automatically scheduled reel number 27
Nature (927).mp4,2025-06-23 19:41:13,Reel 28,Automatically scheduled reel number 28
Nature (928).mp4,2025-06-24 19:41:13,Reel 29,Automatically scheduled reel number 29
Nature (929).mp4,2025-06-25 19:41:13,Reel 30,Automatically scheduled reel number 30
Nature (930).mp4,2025-06-26 19:41:13,Reel 31,Automatically scheduled reel number 31
Nature (931).mp4,2025-06-27 19:41:13,Reel 32,Automatically scheduled reel number 32
Nature (932).mp4,2025-06-28 19:41:13,Reel 33,Automatically scheduled reel number 33
Nature (933).mp4,2025-06-29 19:41:13,Reel 34,Automatically scheduled reel number 34
Nature (934).mp4,2025-06-30 19:41:13,Reel 35,Automatically scheduled reel number 35
Nature (935).mp4,2025-07-01 19:41:13,Reel 36,Automatically scheduled reel number 36
Nature (936).mp4,2025-07-02 19:41:13,Reel 37,Automatically scheduled reel number 37
Nature (937).mp4,2025-07-03 19:41:13,Reel 38,Automatically scheduled reel number 38
Nature (938).mp4,2025-07-04 19:41:13,Reel 39,Automatically scheduled reel number 39
Nature (939).mp4,2025-07-05 19:41:13,Reel 40,Automatically scheduled reel number 40
Nature (940).mp4,2025-07-06 19:41:13,Reel 41,Automatically scheduled reel number 41
Nature (941).mp4,2025-07-07 19:41:13,Reel 42,Automatically scheduled reel number 42
Nature (942).mp4,2025-07-08 19:41:13,Reel 43,Automatically scheduled reel number 43
Nature (943).mp4,2025-07-09 19:41:13,Reel 44,Automatically scheduled reel number 44
Nature (944).mp4,2025-07-10 19:41:13,Reel 45,Automatically scheduled reel number 45
Nature (945).mp4,2025-07-11 19:41:13,Reel 46,Automatically scheduled reel number 46
Nature (946).mp4,2025-07-12 19:41:13,Reel 47,Automatically scheduled reel number 47
Nature (947).mp4,2025-07-13 19:41:13,Reel 48,Automatically scheduled reel number 48
Nature (948).mp4,2025-07-14 19:41:13,Reel 49,Automatically scheduled reel number 49
Nature (949).mp4,2025-07-15 19:41:13,Reel 50,Automatically scheduled reel number 50
Nature (950).mp4,2025-07-16 19:41:13,Reel 51,Automatically scheduled reel number 51
Nature (951).mp4,2025-07-17 19:41:13,Reel 52,Automatically scheduled reel number 52
Nature (952).mp4,2025-07-18 19:41:13,Reel 53,Automatically scheduled reel number 53
Nature (953).mp4,2025-07-19 19:41:13,Reel 54,Automatically scheduled reel number 54
Nature (954).mp4,2025-07-20 19:41:13,Reel 55,Automatically scheduled reel number 55
Nature (955).mp4,2025-07-21 19:41:13,Reel 56,Automatically scheduled reel number 56
Nature (956).mp4,2025-07-22 19:41:13,Reel 57,Automatically scheduled reel number 57
Nature (957).mp4,2025-07-23 19:41:13,Reel 58,Automatically scheduled reel number 58
Nature (958).mp4,2025-07-24 19:41:13,Reel 59,Automatically scheduled reel number 59
Nature (959).mp4,2025-07-25 19:41:13,Reel 60,Automatically scheduled reel number 60
Nature (960).mp4,2025-07-26 19:41:13,Reel 61,Automatically scheduled reel number 61
Nature (961).mp4,2025-07-27 19:41:13,Reel 62,Automatically scheduled reel number 62
Nature (962).mp4,2025-07-28 19:41:13,Reel 63,Automatically scheduled reel number 63
Nature (963).mp4,2025-07-29 19:41:13,Reel 64,Automatically scheduled reel number 64
Nature (964).mp4,2025-07-30 19:41:13,Reel 65,Automatically scheduled reel number 65
Nature (965).mp4,2025-07-31 19:41:13,Reel 66,Automatically scheduled reel number 66
Nature (966).mp4,2025-08-01 19:41:13,Reel 67,Automatically scheduled reel number 67
Nature (967).mp4,2025-08-02 19:41:13,Reel 68,Automatically scheduled reel number 68
Nature (968).mp4,2025-08-03 19:41:13,Reel 69,Automatically scheduled reel number 69
Nature (969).mp4,2025-08-04 19:41:13,Reel 70,Automatically scheduled reel number 70
Nature (970).mp4,2025-08-05 19:41:13,Reel 71,Automatically scheduled reel number 71
Nature (971).mp4,2025-08-06 19:41:13,Reel 72,Automatically scheduled reel number 72
Nature (972).mp4,2025-08-07 19:41:13,Reel 73,Automatically scheduled reel number 73
Nature (973).mp4,2025-08-08 19:41:13,Reel 74,Automatically scheduled reel number 74
Nature (974).mp4,2025-08-09 19:41:13,Reel 75,Automatically scheduled reel number 75
Nature (975).mp4,2025-08-10 19:41:13,Reel 76,Automatically scheduled reel number 76
Nature (976).mp4,2025-08-11 19:41:13,Reel 77,Automatically scheduled reel number 77
Nature (977).mp4,2025-08-12 19:41:13,Reel 78,Automatically scheduled reel number 78
Nature (978).mp4,2025-08-13 19:41:13,Reel 79,Automatically scheduled reel number 79
Nature (979).mp4,2025-08-14 19:41:13,Reel 80,Automatically scheduled reel number 80
Nature (980).mp4,2025-08-15 19:41:13,Reel 81,Automatically scheduled reel number 81
Nature (981).mp4,2025-08-16 19:41:13,Reel 82,Automatically scheduled reel number 82
Nature (982).mp4,2025-08-17 19:41:13,Reel 83,Automatically scheduled reel number 83
Nature (983).mp4,2025-08-18 19:41:13,Reel 84,Automatically scheduled reel number 84
Nature (984).mp4,2025-08-19 19:41:13,Reel 85,Automatically scheduled reel number 85
Nature (985).mp4,2025-08-20 19:41:13,Reel 86,Automatically scheduled reel number 86
Nature (986).mp4,2025-08-21 19:41:13,Reel 87,Automatically scheduled reel number 87
Nature (987).mp4,2025-08-22 19:41:13,Reel 88,Automatically scheduled reel number 88
Nature (988).mp4,2025-08-23 19:41:13,Reel 89,Automatically scheduled reel number 89
Nature (989).mp4,2025-08-24 19:41:13,Reel 90,Automatically scheduled reel number 90
Nature (990).mp4,2025-08-25 19:41:13,Reel 91,Automatically scheduled reel number 91
Nature (991).mp4,2025-08-26 19:41:13,Reel 92,Automatically scheduled reel number 92
Nature (992).mp4,2025-08-27 19:41:13,Reel 93,Automatically scheduled reel number 93
Nature (993).mp4,2025-08-28 19:41:13,Reel 94,Automatically scheduled reel number 94
Nature (994).mp4,2025-08-29 19:41:13,Reel 95,Automatically scheduled reel number 95
Nature (995).mp4,2025-08-30 19:41:13,Reel 96,Automatically scheduled reel number 96
Nature (996).mp4,2025-08-31 19:41:13,Reel 97,Automatically scheduled reel number 97
Nature (997).mp4,2025-09-01 19:41:13,Reel 98,Automatically scheduled reel number 98
Nature (998).mp4,2025-09-02 19:41:13,Reel 99,Automatically scheduled reel number 99
Nature (999).mp4,2025-09-03 19:41:13,Reel 100,Automatically scheduled reel number 100
