Title,Link
Python Tutorial,https://www.w3schools.com/python/
The Python Tutorial â€” Python 3.13.1 documentation,https://docs.python.org/3/tutorial/index.html
Python Tutorial: Learn Python Programming for Free,https://www.tutorialspoint.com/python/index.htm
Python Tutorial | Learn Python Programming Language,https://www.geeksforgeeks.org/python-programming-language-tutorial/
Learn Python Programming,https://www.programiz.com/python-programming
Python Tutorials,https://www.youtube.com/playlist?list=PL-osiE80TeTt2d9bfVyTiXJA-UTHn6WwU
Real Python: Python Tutorials,https://realpython.com/
Python For Beginners,https://www.python.org/about/gettingstarted/
Python Tutorial,https://www.pythontutorial.net/
